{"train_loss": [0.8844546575631559, 0.7246870539273192, 0.6779269983936619, 0.638965110932695, 0.6177047912437057, 0.5963023615225573, 0.5739296574313033, 0.5587416783381601, 0.5441537200634329, 0.5307588628957866, 0.5153771058674581, 0.49003235580547727, 0.47509171780636383, 0.4685231664712142, 0.44607083247582424], "val_roc": [0.8737453012352171, 0.9009903528243728, 0.912624480054469, 0.9167091427653311, 0.905317681889789, 0.9031677065604917, 0.9202297984737093, 0.9167556650395243, 0.9115049883568899, 0.9210664306340745, 0.9166292729836796, 0.9161364534689875, 0.9089969537194411, 0.9082570793047818, 0.9068410171197442]}