{"train_loss": [0.887480685036012, 0.726321616979843, 0.668981168380864, 0.6465147803537231, 0.6188774683731215, 0.6050775243434453, 0.5807628673671387, 0.564739583856612, 0.5438249723032236, 0.5326009378488847, 0.5152299332795464, 0.5030136538194019, 0.4970527838616357, 0.47230507386895837, 0.45325575581960986, 0.43299367031677805], "val_roc": [0.8891222774016783, 0.8836067854738644, 0.9036437236404593, 0.9120679416500806, 0.9105000090501703, 0.9181843362213005, 0.917089329485365, 0.9106822310645468, 0.9178482540950792, 0.9150627746750489, 0.9206507363351364, 0.9185250733492802, 0.9080499199533344, 0.9120821111682178, 0.9152168909300856, 0.9023269176521799]}