{"train_loss": [0.9517369208867426, 0.7869307254030941, 0.7453371104006783, 0.6988919636128605, 0.6668754420799032, 0.6371993608015181, 0.6238739737878647, 0.6098460691206911, 0.5910279667718811, 0.5736852423727841, 0.5668308963899198], "train_acc": [0.654968373801265, 0.7118955315241787, 0.7252941576549004, 0.744133850234646, 0.7530435965449228, 0.7584846629939468, 0.7672583826429981, 0.770659049173638, 0.7782085288716588, 0.7810650887573964, 0.7835815819900701], "val_loss": [0.7961694413664546, 0.7713986233047642, 0.7720271174851568, 0.7553860500553824, 0.6842344318014638, 0.7732306761991999, 0.6839766216047859, 0.7517462885372597, 0.7175910318552476, 0.715853742756035, 0.7057094339081229], "val_acc": [0.7109233554616777, 0.7148461074230537, 0.7420036210018105, 0.7269161134580567, 0.7468316234158117, 0.7287266143633072, 0.7525648762824382, 0.716354858177429, 0.7486421243210621, 0.743814121907061, 0.7504526252263126], "val_roc": [0.8834262218215141, 0.8928958731763842, 0.9010300036971236, 0.9020186562625507, 0.9100786549018123, 0.905397222668609, 0.9109439954852224, 0.9034460875936612, 0.9119384704758302, 0.9121143547186863, 0.914062064823883]}