{"train_loss": [0.9728640163462884, 0.7908995101170208, 0.7461631756684071, 0.701630216560858, 0.6802933783439733, 0.6686903000048194, 0.6447768307523501, 0.6281243531726489, 0.6208492536362537, 0.6001134364813969, 0.6007162114069557, 0.5830953733852783, 0.5651465040611132, 0.5617111966025057, 0.5554129386251414], "train_acc": [0.6460586274909882, 0.7108753315649867, 0.7232537577365163, 0.73937291709175, 0.7442018635652587, 0.7514112766102156, 0.7567163163980141, 0.7647418894103244, 0.7664422226756444, 0.7761681289532748, 0.7695708358838332, 0.7775964088961437, 0.7871182751819357, 0.7877303951574509, 0.7861660885533565], "val_loss": [0.8369333854481336, 0.8225143570171902, 0.7948584883200094, 0.7242814333020166, 0.7749642131914197, 0.6755654135236699, 0.713483319199078, 0.7889813472509528, 0.7286486786103925, 0.6339946356824024, 0.6545395010123428, 0.7083500467227322, 0.7911039703066405, 0.6943374640911404, 0.6927607190055018], "val_acc": [0.6894990947495474, 0.6852745926372963, 0.7456246228123115, 0.7380808690404346, 0.7175618587809294, 0.7567893783946892, 0.7380808690404346, 0.7181653590826795, 0.7410983705491853, 0.7727821363910682, 0.7634278817139408, 0.7371756185878093, 0.7214846107423054, 0.7453228726614364, 0.7610138805069403], "val_roc": [0.8763583182245359, 0.8936152679019509, 0.9029560612319241, 0.9065849467544975, 0.9051791284457259, 0.9161929024896398, 0.913494413154463, 0.9045802882211612, 0.9142696322922905, 0.9231705896173086, 0.9247995875956354, 0.916751547167242, 0.9113949913053523, 0.9140757951886535, 0.9202094552307638]}